{
    "results": {
        "tool": {
            "name": "pytest",
            "version": "8.4.1"
        },
        "summary": {
            "tests": 2,
            "passed": 2,
            "failed": 0,
            "skipped": 0,
            "pending": 0,
            "other": 0,
            "start": 1784693461.0589588,
            "stop": 1784693461.0693913
        },
        "tests": [
            {
                "name": "test_outputs.py::test_report_exists",
                "status": "passed",
                "duration": 0.00047774999999461443,
                "start": 1784693461.06799,
                "stop": 1784693461.0686376,
                "retries": 0,
                "file_path": "test_outputs.py"
            },
            {
                "name": "test_outputs.py::test_report_nonempty",
                "status": "passed",
                "duration": 0.0003718330000026526,
                "start": 1784693461.068726,
                "stop": 1784693461.0692012,
                "retries": 0,
                "file_path": "test_outputs.py"
            }
        ]
    }
}