{
    "results": {
        "tool": {
            "name": "pytest",
            "version": "8.4.1"
        },
        "summary": {
            "tests": 2,
            "passed": 2,
            "failed": 0,
            "skipped": 0,
            "pending": 0,
            "other": 0,
            "start": 1784695345.9383209,
            "stop": 1784695345.948316
        },
        "tests": [
            {
                "name": "test_outputs.py::test_report_exists",
                "status": "passed",
                "duration": 0.0003007090000437529,
                "start": 1784695345.9473836,
                "stop": 1784695345.9478202,
                "retries": 0,
                "file_path": "test_outputs.py"
            },
            {
                "name": "test_outputs.py::test_report_nonempty",
                "status": "passed",
                "duration": 0.00023141599999121354,
                "start": 1784695345.9479046,
                "stop": 1784695345.9482124,
                "retries": 0,
                "file_path": "test_outputs.py"
            }
        ]
    }
}